dataset,samples,features,clusters,method,workers,iterations,time_s,runtime_per_iteration_s,inertia,speedup,efficiency
Covertype_real_subset,150000,54,4,serial,1,6,0.8946117999730632,0.1491019666621772,7071664.5,1.0,1.0
Covertype_real_subset,150000,54,4,parallel_partial_stats_mp,2,6,1.801670099957846,0.30027834999297437,7071664.390625,0.4965458437668442,0.2482729218834221
Covertype_real_subset,150000,54,4,parallel_partial_stats_mp,4,6,1.9078839999856427,0.31798066666427377,7071664.33203125,0.4689026167103426,0.11722565417758565
Covertype_real_subset,150000,54,7,serial,1,6,1.6102746999822557,0.2683791166637093,6787780.0,1.0,1.0
Covertype_real_subset,150000,54,7,parallel_partial_stats_mp,2,6,2.365527999936603,0.3942546666561005,6787766.2578125,0.6807252757208588,0.3403626378604294
Covertype_real_subset,150000,54,7,parallel_partial_stats_mp,4,6,2.337194100022316,0.38953235000371933,6787766.2734375,0.6889777361524575,0.17224443403811437
