iteration,time_s,shift,inertia,method,workers,clusters
0,0.1505460999906063,5.3343825340271,8292910.0,serial,1,4
1,0.16067929996643215,1.5601775646209717,7405735.0,serial,1,4
2,0.15340019995346665,1.8736793994903564,7286266.5,serial,1,4
3,0.1583059000549838,2.333430767059326,7160189.5,serial,1,4
4,0.14194749994203448,0.38628724217414856,7073930.0,serial,1,4
5,0.12927430006675422,0.04531783238053322,7071664.5,serial,1,4
