iteration,time_s,shift,inertia,method,workers,clusters
0,0.27369559998624027,6.027813911437988,7979336.0,serial,1,7
1,0.2661288999952376,2.442690372467041,7184419.5,serial,1,7
2,0.2587947000283748,2.902137041091919,7086092.5,serial,1,7
3,0.27563639997970313,5.573732376098633,6971633.0,serial,1,7
4,0.2699214000022039,1.9622952938079834,6816035.0,serial,1,7
5,0.2657030998962,1.0397919416427612,6787780.0,serial,1,7
