dataset,grid_size,steps,method,workers,time_s,speedup,efficiency,burned_cells
MODIS_2024_Mexico_filtered,240,60,serial,1,0.06465949991252273,1.0,1.0,8034
MODIS_2024_Mexico_filtered,240,60,parallel_domain_mp,2,1.2776083999779075,0.05060979554739999,0.025304897773699996,8034
MODIS_2024_Mexico_filtered,240,60,parallel_domain_mp,4,1.3950505999382585,0.04634921479936599,0.011587303699841497,8034
MODIS_2024_Mexico_filtered,420,90,serial,1,0.49524139997083694,1.0,1.0,16730
MODIS_2024_Mexico_filtered,420,90,parallel_domain_mp,2,2.0190099000465125,0.24528923803663763,0.12264461901831882,16730
MODIS_2024_Mexico_filtered,420,90,parallel_domain_mp,4,2.038311199983582,0.24296653031922996,0.06074163257980749,16730
